Question,Category
HOW AFRICAN AMERICANS WERE IMMIGRATED TO THE US,answering
how are glacier caves formed?,answering
how a water pump works,answering
"how big is bmc software in houston, tx",answering
how much is 1 tablespoon of water,answering
how much are the harry potter movies worth,answering
how a rocket engine works,answering
how old was sue lyon when she made lolita,answering
how are cholera and typhus transmitted and prevented,answering
how did anne frank die,answering
how are aircraft radial engines built,answering
how deep can be drill for deep underwater,answering
how old was monica lewinsky during the affair,answering
how long was frank sinatra famous,answering
how are antibodies used in,answering
how much is jk rowling worth,answering
how big is auburndale florida,answering
"how old is kirk douglas, the actor?",answering
how old is the singer bob seger,answering
how long was i love lucy on the air,answering
how long was richard nixon a president,answering
HOW MUCH IS CENTAVOS IN MEXICO,answering
How long was Mickie James with WWE?,answering
how did armando christian perez become famous,answering
how old were the twin towers when destroyed,answering
how are the # of electrons in each shell determined,answering
how many presidents of the us,answering
how old is beatrice author,answering
how are public schools funded,answering
what happens  to the light independent reactions of photosynthesis?,answering
how does interlibrary loan work,answering
what did mia hamm do his work,answering
what bacteria grow on macconkey agar,answering
what countries are under the buddhism religion,answering
how did wild bill's father die,answering
how many land rovers have landed on mars,answering
how do forensic auditors examine financial reporting,answering
what bird family is the owl,answering
how did harmon killebrew get strong,answering
What did the augurs use to interpret the will of the gods?,answering
How much did Waterboy grossed,answering
"What county is Farmington Hills, MI in?",answering
what does a groundhog look for on groundhog day,answering
What committees are joint committees,answering
how many stripes on the flag,answering
How many states and territories are within India?,answering
how is whooping cough distinguished from similar diseases,answering
what county is galveston in texas,answering
what cities are in the bahamas,answering
how many schools are in the big ten,answering
how is single malt scotch made,answering
what composer used sound mass,answering
How Do You Play Spades,answering
what continent is australia,answering
what causes heart disease,answering
what countries did immigrants come from during the immigration,answering
how many people live in atlanta georgia,answering
what does it mean to be a commonwealth state,answering
how long can you be in the supreme court,answering
what county in texas is conroe located in,answering
what can sql 2005 do,answering
how many people were killed in the oklahoma city bombing,answering
What group took home the award for best rock album at the Australian Recording Industry Association (ARIA) Music Awards?,answering
how does a dredge work?,answering
what did benedict arnold die,answering
how many world series did curt schilling have,answering
how many ports are there in networking,answering
what area code is 479,answering
what does arraignment mean,answering
what did chaucer do,answering
what does am and pm stand for,answering
how is canada's health care,answering
how many xbox 360 games are there,answering
how do pineapples grow,answering
what country did wine originate in,answering
how many district are in west bengal,answering
how many towns in new hampshire,answering
what does salesforce.com do?,answering
what does 1 year mean to the planet,answering
what is feedback mechanism in plants during respiration,answering
how fire extinguisher works,answering
what does righteousness mean,answering
what countries are in central america?,answering
how does a steam engine work,answering
what county is tacoma washington in,answering
what county is chula vista ca in,answering
what did isaac newton do,answering
what does the universal law of gravitation state,answering
how does a dim sum restaurant work,answering
how many US soldiers killed in Iraq war,answering
how many planets is jupiter away from the sun?,answering
what city was the convention when gerald ford was nominated,answering
how many professional hockey teams in canada,answering
what county is northville mi,answering
how many games did brett favre start in a row,answering
what does a vote to table a motion mean?,answering
What does the class mean for SDHC cards?,answering
what do porcupines eat,answering
what did elijah mccoy invent,answering
how many apple store are there in total?,answering
What does the idea of effective nuclear charge tell us,answering
how is jerky made,answering
what domain is eu,answering
"What does the name ""Meister"" mean in German",answering
what happened on the moon during the period of Late Heavy Bombardment?,answering
How did Edgar Allan Poe die?,answering
what did tycho brahe do,answering
how many seasons heroes,answering
what holiday is first weekend of september,answering
how old r Dylan and Cole Sprouse,answering
what does life insurance cover?,answering
how many days does the chinese new year last,answering
what does s.h.i.e.l.d stand for,answering
how many consoles has xbox 360 sold,answering
how is a backpack made,answering
WHAT COUNTRY IS MEXICO IN,answering
how is slugging percentage calculated,answering
what day is st. patricks day,answering
what cheese is made from goat's milk,answering
what does the federal reserve do,answering
what country is belize in,answering
how many books are included in the protestant Bible?,answering
how many stars on the first american flag,answering
how does a cat purr,answering
what became of rich on price is right,answering
what county is St. Elizabeth MO in,answering
what county is wilton ca in,answering
what happened to stevie ray vaughan,answering
how many gold gloves does barry larkin have,answering
what caused ww,answering
how did women's role change during the war,answering
how many seasons were there of the wire,answering
what kind of legal remedy is it to ask someone to fulfill there promise,answering
how is ASP.NET different from .NET,answering
how does lsd impact the human body,answering
how many people live in memphis tennessee,answering
how many muscles in the human body,answering
how did seminole war end,answering
what county is orono maine in,answering
what it is a pilot study,answering
how many humps on a camel,answering
what can be powered by wind,answering
how many nature oceans are on earth,answering
what county is jacksonville florida in,answering
what chili wants wiki,answering
what does a liquid oxygen plant look like,answering
what division is boise state football,answering
"What does the term ""mens rea"" mean",answering
what do UA's detect,answering
how much caffeine is in a shot of espresso,answering
What does Human sperm consist of?,answering
how did the penguins acquire sidney crosby,answering
what does add my two cents mean,answering
how much total wealth in USA,answering
what does a plus-minus sign mean,answering
how was the moon formed,answering
what did ronald reagan do as president,answering
what does judgment as a matter of law mean,answering
how many presidents have been assassinated,answering
what does oklahoma produce,answering
how many redwall books are there,answering
what date did the american civil war start,answering
what does bruce jenner do,answering
what does alkali do to liquids?,answering
what area code is 217,answering
how jameson irish whiskey is made,answering
what does gloria in excelsis deo mean,answering
how many grams in a troy ounce of gold,answering
How many consecutive games did Ken Jennings win?,answering
"what county is jennings, la",answering
how does nanotechnology affect health,answering
how much does united states spend on health care,answering
what does it take to start a lodge in freemason,answering
how does black pepper grow,answering
how south african leaders are elected,answering
how was the phone invented,answering
how many died in hiroshima and nagasaki,answering
what county is Holly Ridge nc in?,answering
what forms seasons,answering
how did mohammed gandhi die,answering
how many users do twitter have,answering
what kind of books does debbie macomber writes,answering
what county is catonsville md in,answering
what kind of literature did john steinbeck writing,answering
whatever happened clint walker,answering
what does the family leave act,answering
how did the vietnam war end,answering
How is the pothole formed,answering
how much more time does chemo give to people with renal cancer,answering
what does estee lauder do,answering
how does a solid state drive work,answering
how long did the roman empire last,answering
how much does U.S. pay on health care per person,answering
what creates sonic boom,answering
how is rfid tag powered,answering
what city is oregon state university in,answering
how long have kanab ambersnail been endangered?,answering
how many spanish speaking people are there in the us,answering
what does (sic) mean?,answering
how does sedimentary rock form,answering
how many bones are in the skeletal system is composed of 306 bones,answering
what did st.patrick do,answering
how do you know if something is the golden ratio,answering
What county is NOrth Myrtle Beach in SC,answering
how much of our universe does plasma make up,answering
How is a computer used?,answering
what does barefoot and pregnant mean,answering
"what county is oakhurst, nj in",answering
What did Lawrence Joshua Chamberlain do?,answering
what circuit court is maryland,answering
what causes a deficiency in adenosine deaminase,answering
how often does ham station need to ID?,answering
how is human height measured,answering
how many days are in a leap year,answering
what does a timing belt do,answering
what county is bethlehem pa in,answering
what countries legalize marijuana,answering
how many albums has dmx sold to this date,answering
what channel is shopnbc on,answering
how post and lintels are used,answering
what do mucous membranes secrete,answering
what company is cricket wireless by,answering
how many numbers on a credit card,answering
what county is Cambria WI in,answering
how is public policy created,answering
how many wives did henry the 8th have,answering
what country are bongo drums from?,answering
how many books in bible,answering
HOW MANY STRIPES ARE ON THE AMERICAN FLAG,answering
what do biologists do,answering
what does base jumping stand for,answering
What country is the largest stalagmite,answering
what does Gringo mean,answering
what does hair testing show,answering
what does freedom of speech cover,answering
what hormones produce thyroid,answering
what does automatic paper feeder on printers mean,answering
what county is san jose in?,answering
what cars have smart key systems,answering
how old a child pedophile crime,answering
how many people were killed in the holocaust,answering
how did John F. Kennedy die?,answering
how many members are in the house of representatives,answering
what can silk be used for,answering
what channel is letterman on,answering
what does uncle sam represent to the american people,answering
what does karma mean in buddhism,answering
what do cyberstalkers do,answering
how do insulin syringes work,answering
what kind a is tilapia,answering
how did david carradine die,answering
how many grape farms in united states,answering
what freezes faster? hot or cold water?,answering
what causes a small bowel obstruction,answering
how many qfc stores are there,answering
what affects the money supply,answering
how is today special?,answering
What Causes Brain Freeze,answering
what does auld lang syne mean,answering
what does leeroy jenkins mean,answering
how was the president involved in the gulf war,answering
how many times has a player hit for the cycle,answering
how many episodes of Lost were there,answering
what does it mean if i'm flat footed?,answering
what age group is generation x,answering
how did James Dean die?,answering
what glows in the dark,answering
what did sparta do around 650 bc,answering
what fantasy american football means,answering
how many muscles in the body,answering
how much does a gold bar weigh,answering
what county is bolingbrook il in?,answering
how many kids does archie manning have,answering
what does an advocacy website promote?,answering
what does the green mean on the mexican flag,answering
how often do elk have sex,answering
how many amendments in us,answering
what city is george washington university,answering
How many Muslims live in the United Kingdom?,answering
how many players on a side for a football game,answering
what does the temporal lobe part of the brain do,answering
how many lungs does a human have,answering
how long to take iwo jima,answering
What a Margarita contains,answering
what color is burgundy,answering
what is the population of center tx,answering
what causes photo red eye,answering
what creates a cloud,answering
how many students go to santa barbara,answering
what day is the feast of st joseph's?,answering
what culture is mariah carey,answering
how was color introduced in film?,answering
what artist have song with ashanti?,answering
what came first army or air force,answering
what day is 2011 super bowl?,answering
what does the FOIA apply to,answering
how many countries are member of the eu?,answering
how many vehicles are registered in the us,answering
what does a laboratory in a gynecologist office consist of,answering
what cards do you need in poker to get a royal flush,answering
what does xylem transport,answering
how many mvps has kobe bryant won,answering
what do jehovah witnesses believe,answering
how old old is xp operating system,answering
how many pawns in chess,answering
what countries allow gays to openly serve in the military,answering
How Works Diaphragm Pump,answering
how is hydrogen produced,answering
how many percent is a basis point,answering
what genre is bloody beetroots,answering
what country is madrid spain in,answering
What causes rogue waves,answering
what happened to montgomery clift,answering
how many asian indians live in usa,answering
what caused the world war 2,answering
what happened to george o'malley on grey's anatomy?,answering
how many people die from myasthenia gravis per year,answering
how many rooms in borgata hotel,answering
what country has the most muslims in the world,answering
what country is dubai in,answering
how much of earth is covered ocean water,answering
how is root beer made?,answering
how much did yankee stadium cost,answering
what does informal logic mean,answering
what country is turkey in,answering
"what county is Augusta,GA located in?",answering
"What happened to ""The Glades"" tv series",answering
how many albums has eminem sold in his career,answering
what do pigs eat,answering
what does a cutter do,answering
what it takes aerosmith album,answering
what county is erie colorado,answering
What happened during the Starving Time in Jamestown?,answering
what classes are considered humanities,answering
what does the president of the usa do,answering
what food is in afghan,answering
how kimberlite pipes form,answering
how many seasons of grey's anatomy are there,answering
how is schizophrenia diagnosed?,answering
what kind of cut is tri tip,answering
what county is willmar mn in?,answering
what kind of company is Microsoft?,answering
how does weather happen,answering
how many countries have english as an official language,answering
what countries are in cono sur,answering
how many innings makes an official game,answering
what branch of the military is delta force,answering
what causes the seasons,answering
what does 3g network mean,answering
what does Mazel tov! mean,answering
How Do You Get Hepatitis C,answering
how does flexible spending account work,answering
how tennessee became a state,answering
how many baseball teams usa,answering
what county is coatesville indiana located in,answering
how does Delaware support its claim to being the first state?,answering
how many amendments in the US constitution,answering
what does fidelity do,answering
what causes thunder sound,answering
what day is the federal holiday for Martin Luther King Jr.,answering
what area code is 949,answering
what does continuous improvement mean,answering
what area code is 810,answering
how many babies are in a typical raccoon litter,answering
what kind of earthquake was haiti,answering
what kind of horse was mr ed,answering
What does Rapture meaning in a theological sense?,answering
who does chris humphries play for,answering
what are corporation balance,answering
what is .17 hmr caliber,answering
what made the civil war different from others,answering
where to buy potato bread made without wheat,answering
what year was the 8 track invented,answering
what are points on a mortgage,answering
who killed julius caesar,answering
what are  the  official languages of nigeria,answering
"who played guitar on the kiss album, creatures of the night",answering
who wrote white christmas,answering
what are the different types of cross country skiing,answering
what are use taxes?,answering
WHAT IS A FY QUARTER,answering
who pulmonary hypertension,answering
what is an array in programming,answering
who wrote a rose is a rose is a rose,answering
what is a notary for,answering
when did the cold war start,answering
what state is pike's peak in?,answering
what state is jakarta in?,answering
what song is sung in 6 foot 7 foot,answering
what is a book index,answering
who sings the song never ending story,answering
who can file suspicious activity report,answering
who created facebook,answering
what are the sulfas,answering
what are risk for infections,answering
who owns joe's crab shack,answering
where do cruises dock in new york city,answering
what is a right wing christian,answering
who played the lead roles in the movie leaving las vegas,answering
what is a CMM machine,answering
what percentage of water in in the body,answering
what type of batteries are 357 (LR44),answering
where did hurricane katrina begin,answering
where did hurricane katrina begin,answering
what is an assist in basketball,answering
what is 1 mil guaranies in united states dollars,answering
where did the persian war take place,answering
what is a day care for?,answering
who discovered neptune the planet,answering
what separates me from you album,answering
when did thomson make the plum-pudding model,answering
what part of the pig is bacon,answering
where did erisa come from,answering
what percent of illegal immigrants are from mexico and europe,answering
what school district is alvin in?,answering
what are the houses of hogwarts,answering
when us subprime mortgage market collapse,answering
What kind of personality test is the MBTI,answering
what type of game is heavy rain,answering
what are superannuation contributions?,answering
where does a flea live,answering
what is a group of deer called,answering
what state was john mccain a senator in during the 2008 election,answering
when does the electoral college votes,answering
when barack obama was born,answering
who wrote rhythm of the ancient mariner,answering
when did freddie mercury die,answering
what is a .PAC file,answering
what are spoilers for,answering
who sings i am a man of constant sorrow,answering
who kill franz ferdinand ww1,answering
what year did disney's animal kingdom lodge open,answering
what are two languages in Nigeria?,answering
what war led to Pearl Harbor,answering
what is a mms message,answering
where in the world are smallpox common,answering
what year did the beatles came out with the song i wanna hold your hand,answering
what is a gasser car,answering
what tensions preceded the berlin blockade,answering
who sang proud mary,answering
who sang that song-a change is going to come,answering
where do crocodiles live,answering
what percentage of the human body is water,answering
what relates to erosion,answering
what is a form of legal ownership,answering
where in oregon is albany,answering
who wrote what's my name rihanna,answering
what year did isaac newton die,answering
what is a constant in math?,answering
when did abraham lincoln write the emancipation proclamation??,answering
what part of the pre-world war 1 arms race was the most intense?,answering
who owns land rover,answering
what states have legalized prostitution,answering
what states are on the east coast,answering
when president nixon resigns,answering
when did sertraline come on the market,answering
where fourth of july came from,answering
when did secretariat win,answering
what are batteries made up of,answering
what is a full job time??,answering
what are the three primary colors in the subtractive color model,answering
what are layers of the ionosphere,answering
what people used mayan numeral system,answering
what is a newsgroup message,answering
who plays as big bird,answering
who accompanied King louis the VII of France on the second crusade,answering
who founded walmart,answering
what are some legal uses of meth,answering
when did gary moore die,answering
what is 6 pin din connector,answering
what is a hosting company on a website,answering
Where does the word baptism come from,answering
what school did Zach Thomas play for before making it in to the NFL,answering
what order is the moth,answering
what are the uses for gui,answering
who won antm cycle 12,answering
who owns exxon mobil,answering
who built the globe,answering
what are warehouse spreadsheets used for,answering
what is a rock quarry,answering
what kind of school is MIT,answering
Who Started the Mormon Church,answering
what are banana plugs for,answering
what part of the earth's structure is believed to consist of tectonic plates,answering
when did the trojan war take place,answering
what is a letterbox movie,answering
who won the 2009 super bowl,answering
what is a popular people meter,answering
what are the characteristics of bryophytes,answering
when to use semicolon,answering
when did xbox release,answering
what is a roll play games,answering
when did the civil war start and where,answering
What are the busiest airports in the world,answering
where the streets have no name filming location,answering
where did the mayflower land,answering
what is a forward in soccer,answering
WHO QUALIFIES AS A DOMESTIC PARTNER IN CA,answering
where did mark jackson play pro basketball?,answering
what languages are spoken in south africa,answering
Who controlled Alaska before US?,answering
what are stink bombs made of,answering
who sang black velvet,answering
"who said ""A picture is worth a thousand words""?",answering
who produced loyal to the game?,answering
WHAT ARE HERITABLE TRAITS,answering
who does afge represent,answering
what teams won super bowl,answering
what year was christianity introduced to sub-saharan africa,answering
who wrote puff the magic dragon,answering
when did expos become nationals,answering
what is a contingent fee with an attorney,answering
what is a D.O. stand for medical doctor,answering
what is a vetting process,answering
when did the free soilers party start?,answering
who reports the consumer price index,answering
"where does the expression ""knocking on wood"" come from",answering
what are rocker arms?,answering
who sang the nights the lights went out,answering
where does the return address go on mail,answering
when did steven adler play for guns and roses,answering
what is a synthetic conduit,answering
what is a wwII theater,answering
what is amoxicillin for?,answering
what state was the civil war in,answering
where did the early humans live?,answering
who invaded north africa during ww2,answering
WHAT YEARS WAS THE C5 VETTE PRODUCED,answering
what year was gulf war,answering
What U.S. President's head has been featured on the nickel (five-cent coin) since 1938?,answering
who sings stand by me,answering
When did F15s first fly,answering
what year was elvis born,answering
what are the arb medications,answering
where did columbus really land in 1492?,answering
what is a brindle boxer,answering
what are SATA Power Connector,answering
who invented the internet,answering
"What kind of poem is ""This is Just to Say""",answering
when does the royal standard fly?,answering
who played dumbledore in harry potter,answering
what produces calcitonin,answering
who hit the first home run at riverfront stadium?,answering
Who Makes Nexen Tires,answering
who did richard nixon refer to as the  silent majority,answering
what the atmosphere on mercury,answering
What are the lateral and median apertures of the brain?,answering
what year did the last monkeys go into space,answering
what part of the pig do pork chops come from,answering
what are grits made from,answering
what religion is westminster abbey,answering
when did coca cola first come out,answering
what role do ombudsman play in the swedish government?,answering
what state is new england in,answering
who played batman in dark knight,answering
what are stanzas in poetry,answering
who shot franz ferdinand,answering
who won the super in xl1,answering
what are the three ossicles,answering
what are the parts of plant stems?,answering
what is an army specialist,answering
what year did martin luther king die,answering
what to make with linen,answering
what spanish speaking countries have the most world cup titles,answering
who composed the Singapore national anthem,answering
what south dakota county is wakonda in,answering
what are american people of japanese descent called,answering
when does v start,answering
when did spongebob first air,answering
what are d.o. of medicine,answering
what is a bus adapter in a computer?,answering
where does cashmere come from,answering
Who invented egg rolls,answering
what westerners include in pain and suffering,answering
what is a medallion guarantee,answering
who won the 2010 world cup,answering
who wrote the song in the mood,answering
what is active learning strategies,answering
"what is ""thin film"" technology",answering
who sang I want to dance with somebody,answering
what zones are tropical,answering
what type of business is walmart,answering
what part of the plant are avocados,answering
when does air bag deploy,answering
what are some chinese inventions,answering
who sung the banana boat song,answering
when did wwi begin,answering
what year did keeping up with the kardashians begin,answering
what two empires fought to control afghanistan,answering
what triggered the civil war,answering
what is a store confectioner,answering
when did qing dynasty begin,answering
who owns youtube,answering
what are tires made of,answering
who killed general warren in bunker hill,answering
where do women ejeculation exactly coming from,answering
who won the women's world cup,answering
when did texas become a state,answering
who owns smirnoff,answering
who made the matrix,answering
what are some six sigma tools used,answering
who wrote serenity prayer,answering
what are the Declaration and Resolves of the First Continental Congress about,answering
what is a bad beat in poker,answering
what part of beef are rouladen cut from?,answering
where does cellular respiration occur,answering
who created massey ferguson,answering
what is a lapping machine,answering
who plays ethan in my babysitter's a vampire,answering
where do the mohawks live,answering
when did proof die,answering
what is a base SI unit,answering
when did ww1 end?,answering
what state is area code 419,answering
what is 9/11 bombings,answering
what are social security taxes,answering
what town is laurel hollow ny in,answering
when did charles dickens live,answering
when did the civil rights movement begin,answering
who won fifa world cup 2010,answering
when did egg mcmuffin get invented,answering
who shot john lennon?,answering
what state is new orleans in,answering
what where the most important factors that led to the defeat of the democrates in 1968?,answering
when did kurt cobain kill himself,answering
who starred in the original true grit,answering
what is a millwright worker,answering
what the names of destiny's child,answering
who created the tourbillon movement?,answering
what is an .msi file,answering
what year did mexico gain independence from spain,answering
What are procedure codes terms in coding?,answering
what is a Four Lokos,answering
what is a fret on a guitar,answering
what year was smokey the bear invented,answering
who said tv is a vast wasteland,answering
what is a duvet cover used for,answering
who did mr bojangles,answering
what is an agents job role in film,answering
"who discovered the 2 moons of mars,Phobos and Deimos",answering
WHAT IS A LAW ENFORCEMENT MURDER BOOK,answering
where does angela davis currently work,answering
when album love always released,answering
who wrote west side story,answering
who killed robert kennedy,answering
when Harry met Sally case,answering
who owns hamburger helper,answering
what makes a dwarf planet,answering
when did jack lalanne die,answering
who made the original care bears,answering
what states does interstate 70 travel through,answering
when do solar eclipses happen?,answering
where do mangos come from,answering
what latitude is tropic of cancer,answering
what video format will play in a DVD player,answering
what part of the government governs the US post office?,answering
what state is the capital in,answering
what are square diamonds called?,answering
what motor does a 2001 monte carlo,answering
where scottsdale?,answering
who has brad pitt dated,answering
what is a dogs classification,answering
what year was President kennedy president?,answering
who owns popeyes chicken,answering
what nationality is wendy williams,answering
who said give me liberty or give me death,answering
what president was theodore roosevelt,answering
who starred in webster,answering
what are the most known sports in america,answering
what is a monarch to a monarchy,answering
"what is an ""N.M?",answering
what is adem disease,answering
what year did john adams become  president?,answering
who created bing,answering
who made hubble telescope,answering
what are anti inflammatories,answering
who sang momma told me not to come,answering
when did andrea doria sink,answering
what are dialysis tubes,answering
who designed the statue of liberty,answering
what is am 2201,answering
who wrote second corinthians,answering
who first synthesized heroin,answering
when did george washington died?,answering
what is a wiki platform,answering
what are four thirds cameras,answering
who plays dumbledore in harry potter 6,answering
what type of land is savannah,answering
who wrote  nature boy,answering
who set the world record for women for high jump,answering
when did playstation 3 first launch,answering
where does ground pepper come from,answering
what type of ecosystem does stingrays live in,answering
who wrote the song cocaine,answering
when did pearl harbor get bombed,answering
what religion is primary in africa?,answering
who won season 2 of project runway,answering
when did marlins start,answering
what is a mule in coins,answering
where do dungeness crab live,answering
who plays mary poppins in the movie,answering
what is an arc in a story plot,answering
What are the different translations for the Bible,answering
when does black friday start for christmas,answering
who sang what a wonderful world,answering
what month is the president inaugurated,answering
when did Emperor Justinian die,answering
what movement was elizabeth cady stanton a part of,answering
what radio station are the boston bruins on?,answering
when did ms .drgs go into effect,answering
what are the characteristics of an ethnic group,answering
what mountains are on appalachian trail,answering
what are add ons,answering
what would be the deliverables,answering
what are club seats,answering
what school did oprah winfrey help,answering
when did scott pilgrim come out,answering
what is a google in math,answering
what structure is disulfide bonds,answering
what is a redshirt freshman football player,answering
who rules communism government,answering
who makes skittles?,answering
what year did South Africa become a team in rugby,answering
what is a discipline of study,answering
who did john f kennedy run against?,answering
who wrote stand by me,answering
what are metaphors used for,answering
what season is  dexter on,answering
What are context effects of memory?,answering
what are the names of the ll divos,answering
who won the 1998 world cup,answering
where did the vietnamese settle in america,answering
What is a 28 day cycle?,answering
when did hitler kill himself,answering
when did world war 2 end,answering
what is a llc company?,answering
what are k cups,answering
what is a chronograph watch,answering
what is a PCI port used for,answering
who won the 1967 nba championship,answering
who make airbus,answering
who invented the television,answering
what are the side effects for lyme disease,answering
when did the movie deep blue sea come out,answering
who wrote the song for star wars,answering
what are a and r reps,answering
what measurement is a furlong,answering
where does ray lamontagne live,answering
when the wind blows james patterson,answering
who made facebook,answering
what are the catholic gifts of the holy spirit,answering
where do you find iodine,answering
what are lobbying groups,answering
what kind of people are on the show skins,answering
who played the drums in the band cream back in 1968,answering
what president made decision to buy louisiana,answering
who sang cool jerk,answering
what is a league in the sea,answering
what nationality is kris jenner,answering
when will ie9 be released,answering
when did classification of races begin,answering
when did lucy stone died,answering
what are stocks and bonds,answering
what are the boundaries of the pelvic outlet,answering
what states has the electric chair,answering
what are private labels,answering
when did germans enter paris in ww2,answering
who wrote the song feelin alright,answering
what is a neuro tract,answering
when did dr.carter g woodson die,answering
what are loan originations,answering
what are loan originations,answering
When did the New Deal start,answering
what year did aerosmith i dont want to miss a thing,answering
when did daylight savings time start,answering
What region of France is Montargis in?,answering
what year lord of rings made?,answering
what time will the world end on may 21,answering
what is  file based system,answering
who makes triumph motorcycles,answering
What political conflicts marked the presidency of William Howard Taft?,answering
what temperature is a salt ice bath,answering
when slavery abolished,answering
what produces primary xylem?,answering
what is a ti 82?,answering
what is a ti 82?,answering
what makes of the united states,answering
what are circumpolar constellations,answering
where do sesame seeds come from,answering
who owned kansas before it became a state,answering
where did the olmecs come from,answering
what states allow same sex marriage,answering
when did thomas jefferson become president,answering
who sang sun city,answering
who won the most nba championships,answering
when did the word fuck begin,answering
what are the 7 continents,answering
what state is milwaukee in,answering
who wrote the song hallelujah,answering
what are garnishments,answering
what years was the 18th century,answering
what year was the eiffel tower made,answering
when monopoly came out,answering
what are land parcels,answering
what state is Mn,answering
what naturally occurring isotopes does cobalt have,answering
Who Moved My Cheese Synopsis,answering
who replaced nikita khrushchev,answering
What Are Mnemonic Devices,answering
who passed no child left behind,answering
what are the charges against Casey Anthony,answering
What is a surveyors wheel,answering
where did world war 1 start,answering
what species is a spider,answering
what year was girls just want to have fun release,answering
when can you use a defibulator,answering
who created the cato institute,answering
what are the players in Quidditch?,answering
who wrote the song a little more country than that>,answering
who makes blackberry,answering
when does a demand curve shift?,answering
what are arizona's symbols,answering
what is adoration catholic church,answering
when the body is systemic,answering
what are SLR cameras,answering
what is a vm server,answering
Where Elephants Live,answering
what are the quad muscles,answering
when did the titanic sink,answering
where is the human thigh located?,answering
what is considered a large car,answering
who is flo from progressive,answering
when was james madison in the house of representatives,answering
What is and where is hydraulic fluid found and used for,answering
Where Are Mahindra Tractors Made,answering
what is petit lemans,answering
what is middle class in the us,answering
what is the scientific name of the eastern tiger salamander?,answering
what is considered to be a disasters,answering
What is firebird server,answering
What is caused by the human immunodeficiency virus?,answering
what was the steelworkers strike,answering
When was the first Mary Poppins book written,answering
what is sims language,answering
what is the function of the vas deferens?,answering
What is Ischemia or infarction?,answering
where is humboldt ks,answering
what was nixon accused of,answering
who is elizabeth from general hospital who are the boys fathers,answering
what is reagan known for,answering
what is evoked otoacoustic emissions,answering
what is chep pallet,answering
who is victoria jackson from saturday night live,answering
what was the post modernist era in literature?,answering
who is the group enigma,answering
when was scooby doo created,answering
what is the federal death tax,answering
when was raphael born,answering
who is the CEO OF FACEBOOK,answering
What Is the Largest Whale,answering
What Is Range in Math,answering
where is the seed located in an artichoke,answering
who is on the hundred dollar bill,answering
what is the ingredient in mustard,answering
who are the members of the climax blues band?,answering
when was the web invented,answering
WHAT IS PARESTHESIAS OF HANDS,answering
what is kathmandu known for,answering
where is mark sanchez from,answering
who is paul avery to the zodiac killings,answering
what is sump pump  used for,answering
when was bloody kansas in,answering
What Is Benzene Used For,answering
what is homebrew for wii?,answering
where is cougar town filmed,answering
who was bush's national security advisor,answering
what is another name for the large intestine,answering
where is green bay packers from,answering
where is the valley at in los angeles,answering
when was the world of coca cola built,answering
when is susan smith eligible for parole,answering
what is the highest mountain in america and where is is located?,answering
what was the first honda car,answering
when was everybody hates chris made,answering
what is lung effusion,answering
what is the population of san francisco,answering
who is the writer of the beowulf poem?,answering
who is shem in the bible,answering
what is go daddy.com?,answering
where is andy whitfield from?,answering
where is the country andorra located,answering
what is the highest point in oahu,answering
what is spelt flour,answering
what is sherlock holmes job,answering
where is kennywood in pittsburgh,answering
what is social security card used for,answering
what is the minimalist trend,answering
Who is the rap singer in right round with kesha in the background? *(dancer)*,answering
who is the current Chief Justice of the U.S. supreme court?,answering
what is rock of ages about,answering
when was the american labor union formed,answering
what is the largest credit union,answering
what is the singer Stevie Wonders full name,answering
what is definition of psychotic,answering
Who is General Grievous of Star Wars,answering
where is scotty mccreery from,answering
what is general chu chicken,answering
where is david ortiz from,answering
what is an irregular heartbeat pvc,answering
what is flour made from,answering
what is my resting heart rate at age 24,answering
what is the name for an old horse-drawn vehicle,answering
where was the tsunami in 2005,answering
what is the source of geothermal energy,answering
what is cubic ft,answering
when was kirstie alley on cheers,answering
who was ho chi minh in vietnam war,answering
what is another name for cpu,answering
who was charged with murder after the massacre at My lai,answering
what was the city of Mithridates,answering
what is metal music about,answering
what is extreme right wing,answering
what is the title of Hobbes main work,answering
what is high emotional intelligence?,answering
what is the role of heredity,answering
what is prefix phone number,answering
what is metformin used for,answering
what is the cabin pressure of us airlines,answering
what is it like at mount rushmore?,answering
what is buttoned-down shirt?,answering
when is administrative assistant day,answering
where is keith whitley from,answering
who is basketball star antoine walker,answering
where are the internal and external iliac arteries,answering
what is steam by valve corporation,answering
where is the Rhine river located on a map,answering
what is sanskrit shri,answering
what is civil engineering aBOUT,answering
WHere is a famous alluvial plain,answering
Where is South Beach in Miami,answering
who was john f kennedy up against,answering
what is the controlled substance act known as,answering
what is the si unit of pressure,answering
what is the great basin area,answering
when was fdr elected as president,answering
where was ms-13 originally from,answering
what is bones job,answering
where was the super bowl in 1991,answering
when was malcolm x assassinated,answering
who are the characters in 90210 in season 3,answering
when was queen elizabeth ii married,answering
where is penn state stadium,answering
what is in a tequila sunrise?,answering
where are facial sinuses,answering
what is lean manufacturing and who developed,answering
who is is the singer westlife,answering
what is vitamin a for,answering
what is the capital city of california.,answering
when is it memorial day,answering
"What was ""Freedom Summer""?",answering
what is the function of the liver,answering
what is the formula for calcium nitrate,answering
where is dia de los muertos celebrated,answering
where is the 2011 mlb all star game location,answering
what was the Name the first electronic handheld calculator,answering
when was washington elected president,answering
where is the island New Guinea?,answering
what is in milk,answering
What is motorcycle speedway racing,answering
what is customary at shiva,answering
who is the guy in the wheelchair who is smart,answering
what is in a hot toddy,answering
what is honey bee propolis,answering
when was steven tyler born,answering
what is name of national anthem song of switzerland,answering
what is blood urea,answering
where are the most concentration of jews living,answering
what is corpus christi holiday,answering
who was the first european in the americas,answering
where is testosterone produced,answering
what is the difference between multistage and cluster sampling,answering
where is jamestown north carolina,answering
what is cu the element,answering
what was the parthenon used for,answering
what is stepwise linear regression,answering
when was jamestown colonized,answering
what was the first year of kentucky derby,answering
who is on the $10. bill,answering
when was andy griffith born,answering
what is the definition of a hung jury,answering
who is norah jones parents,answering
what is the capacity of the cowboy stadium,answering
what is Carbon 14 dating is a type of ?,answering
what is the color puce,answering
when was the battle at tombstone fought,answering
where was jfk buried,answering
what is the population of algoma wi for 2010,answering
what is renaissance english,answering
Who is the husband of Betty Ford,answering
what was Coco Chanel's real first name?,answering
what is grist mill stone,answering
who is Dr. JB Danquah,answering
where is big pokey from,answering
what is baklava recipe,answering
what is the rule of the 9s,answering
where  is kj 52 from,answering
what is the sign for degrees,answering
what is the prognosis of stomach cancer,answering
who is carlos pena on big time rush,answering
what is el mate,answering
what is dave batista doing now,answering
WHO IS HENRY SAMPSON JR.,answering
where is the arctic circle located on the earth,answering
what is the erb/heart,answering
when was pokemon first started,answering
where are colors on stoplight,answering
what is the fundamental theorem of calculus used for,answering
what is nicki minaj real name,answering
what is the disease osteonecrosis of the jaw?,answering
what is mincemeat made of,answering
who is suicide tna,answering
where is hickory located nc,answering
what is Polyester in packaging PET,answering
what was the GE building in rockefeller plaza called before.,answering
who are the two senators of louisiana,answering
who is director jack smight,answering
what is dmitri mendeleev 4,answering
where is modesto california,answering
what is the female symbol called,answering
who is st patty?,answering
what is leasehold; real estate,answering
when was Mary Anderson born,answering
WHO WAS IN THE MOVIE I CONFESS WITH MONTGOMERY CLIFT,answering
WHAT IS THE LENGTH OF A NAUTICAL MILE,answering
what is black hairy tongue disease,answering
what is firewire used for,answering
when was srv born,answering
what is stent surgery,answering
what is ethernet gigabit,answering
where is the tibia location,answering
what is tofu made of,answering
Where is Bubbles the Chimp now,answering
what is muse's lead singer's name,answering
where is bloemfontein in africa,answering
What is the prostate for?,answering
what is in the preamble of the constitution,answering
when was the internet started,answering
where is rolling rock brewed,answering
when was Pope Benedict XVI elected?,answering
Who was John Adam's children,answering
who was on the 10 dollar bill,answering
what is water jet propulsion,answering
where is the sermon on the mount in the bible,answering
who is E from entourage,answering
what is article 5 about,answering
what is the political tea party,answering
what is puerto rico currency,answering
What is the function of albumin?,answering
who is ezekiel in the bible,answering
where are the ten commandments in the bible,answering
what is endodontic dentistry,answering
who is the junior senator of nc,answering
who is heisman trophy named after,answering
what is sado masochism,answering
where are Giant Panda Bears found?,answering
where is loxahatchee fl at,answering
what is the format of the canadian citizenship test,answering
what is chicken chow mein,answering
What is up with Kent Hovind,answering
what is the oath of allegiance of the united states,answering
what is that dot on the forehead of indian women\,answering
where is good morning america studio,answering
what is primary medicine,answering
where is Desmanthus Illinoensis found,answering
when was the first super bowl,answering
what is the origin of fiona,answering
what is the official language of america?,answering
what is auto quarter panel,answering
"where is shropshire, uk",answering
when was pearl harbor bombed,answering
what is the la tour de france,answering
what is the social norm approach?,answering
what is associates arts degree,answering
what is vat tax?,answering
what is high sticking in hockey,answering
what is an sd memory card reader,answering
"What was Captain Ahab's Ship in the novel ""Moby Dick""",answering
when was the trogan war,answering
where is the palatine canal,answering
what is the lowest temperature ever recorded in antarctica,answering
what is oregon institute of technology like,answering
When Is Passover Over,answering
when is halley's comet next,answering
what is soy made from,answering
what is linkedin used for,answering
"WHERE IS ROUGH AND READY, CA",answering
where is rashard lewis from???,answering
what is doxycycline hyclate used for,answering
what is sodium hypochlorite solution,answering
what is captcha code,answering
when was jacques cousteau born,answering
where was the fugitive slave law made,answering
who is in the group trinity 5 7,answering
what is eic earned income credit,answering
when is international men's day,answering
where is valley village ca,answering
What is sign of cancer,answering
when was the patriot act enacted,answering
when was the tacoma bridge collapse?,answering
what is brown flax,answering
what is a gsm cell phone,answering
what was the cash and carry lend lease,answering
what is el morro in puerto rico,answering
where are poison dart frog seen,answering
where were the Winter Olympics in 2006,answering
when was the lady gaga judas song released,answering
what is mpeg4  avc or sp/asp,answering
WHAT IS NON BINDING?,answering
who was mr big on sex and the city,answering
what is the actresses name that played in walk that line?,answering
what is the definition of a map,answering
where is university of nelson mandela metropolitan located,answering
when was How the west was won filmed?,answering
who is on blink 182 album cover,answering
What is the name of the late Major League  old professor,answering
when was the constitution written,answering
what is the use of a sales invoice?,answering
what was the actress who played the pink power ranger,answering
what is squash the sport,answering
where is the world cup in 2010,answering
when was the great fire in chicago,answering
what is hosting a website,answering
when was the first nfl madden game released,answering
what is pci Interface,answering
what is jagger bombs,answering
what is the name of mountains along california,answering
who is the author of tree grows in brooklyn,answering
where is al jazeera based,answering
what is the purpose of child support?,answering
where was martin luther king shot?,answering
who is the mayor of chicago 2011,answering
when is the wv state fair,answering
when was the state of utah established,answering
what is the location of coldwater ms,answering
what is the function of the hard palate,answering
where is Chayanne from?,answering
when is world war hulk movie come,answering
WHERE WAS JOHN WAYNE BORN,answering
what is the difference between alpha lipoic acid and lipoic acid,answering
what is the organic layer in an amoled screen,answering
what is eggnog made of,answering
what is gravy made of,answering
what is bourbon made of,answering
what is cta used for,answering
what is vitamin b12 used for,answering
What is the the North American Free Trade Agreement?,answering
what is tmz stand for,answering
what is impingement of the shoulder,answering
where is La Palma africa,answering
where was hillary clinton born,answering
who was the first one to invent medicine,answering
When was 27th amendment proposed,answering
what is singapore's currency,answering
Who was Daniel J Daly?,answering
where was paul revere born,answering
what is the plot of the shawshank redemption?,answering
what is an information technology manager,answering
what is the scientific name of a cardinal bird,answering
where are kenworth trucks built,answering
what is the type of democracy in which all citizens have the right to make  government decisions,answering
when is the feast of St. Rita,answering
where is j.cole from,answering
what is ratchet from ratchet and clank,answering
where was the first real roller coaster,answering
what is in a will,answering
what is the gdp for greenland 2010?,answering
What is hydrogen in,answering
where is UWA on world list of universities,answering
what is bracketing in photography,answering
What is the disk defragmenter tool,answering
what is level of agreement mean,answering
when was purple haze by jimi hendrix made?,answering
where was martin luther born,answering
who is the actor that plays harry potter,answering
"what is the concept of ""wellness"" ?",answering
what is the mortality rate of sepsis,answering
where is kos from?,answering
what is the defensive line in football called,answering
what is the measurements of saturn's moons,answering
what is the @ sign called?,answering
who is the book the catcher in the rye by?,answering
who are the girls from the bad girls club?,answering
what is prince williams last name,answering
what is IBRIX,answering
what is bilirubin total,answering
what was bernie madoff selling,answering
what is quasi judicial agency,answering
who is inventor of the radio,answering
who is the founder of twitter,answering
what is scurvy disease,answering
what is google openid,answering
who is bj's wholesale club,answering
what is atherosclerotic heart disease,answering
what was the name of the uss john kennedy before,answering
what is the name of the wizard of oz,answering
what were 3 important things that douglas MacArthur did?,answering
what is homebrew for wii,answering
what is santa's wife's name,answering
when was Saddle Creek founded,answering
what is korean money called,answering
what is three phase electrical,answering
What is the significance of Good Friday?,answering
Who is the highest scoring NBA player,answering
where is the great basin located on a us map,answering
what is direct marketing channel,answering
what was the date of pearl harbor,answering
what is disney's magic kingdom,answering
what is the kanji for language,answering
what is in fruitcake,answering
what is the name of the family who own the biltmore estates in nc,answering
who was the congressman who was caught with an escort in ny,answering
where are the kidneys in your body,answering
what is lockton affinity,answering
what is white chocolate made of,answering
what is the latest season of psych,answering
what is the main component of vaccines,answering
what is the name of chris cornell's band?,answering
what is preciosa crystal?,answering
where is the chupacabra found,answering
What is the purpose of North American Free Trade Agreement,answering
who are all of the jonas brothers,answering
what is in the alpine mountain systems,answering
who is mary matalin married to,answering
where is basque spoken,answering
where is the brisket from,answering
what is human chorionic,answering
where is dear john filmed at,answering
what is busiest airport in US,answering
where is osaka japan,answering
what is surname and given name,answering
what is melissa and joey about,answering
What is an economic feature?,answering
what is the average american income,answering
When was Apple Computer founded,answering
what is section eight housing,answering
Hi,talk
Hiya,talk
Hi Sophia!,talk
Hello,talk
Hello Sophia,talk
Helo,talk
Hallo,talk
Halo,talk
Ello,talk
Greetings!,talk
Gretings!,talk
Greatings!,talk
Greeting!,talk
Greet!,talk
What's up?,talk
What is up?,talk
Sup?,talk
Whts up?,talk
How is it going?,talk
Hows it going?,talk
"Hi, how is it going?",talk
How is it gaing?,talk
Huws it going?,talk
Hws it going?,talk
How are you doing?,talk
"Hi, how are you doing?",talk
Huw are you doing?,talk
How are u doing?,talk
How are you doin?,talk
How do you do?,talk
"Hi, how do you do?",talk
Hew do you do?,talk
How do you du?,talk
How do u do?,talk
You alright?,talk
Are you alright?,talk
You aright?,talk
U alright?,talk
How are you?,talk
"Hi, how are you?",talk
How are u?,talk
How r you?,talk
It is a pleasure to meet you.,talk
"Hi, it is a pleasure to meet you.",talk
It is a pleasure to meet u.,talk
It's a plasure to meet you.,talk
Nice to meet you.,talk
"Hi, nice to meet you.",talk
Nice to meet u.,talk
Nice to met you.,talk
Who am I?,talk
Who m I?,talk
Whu am I?,talk
What is my name?,talk
Whats my name?,talk
What is me name?,talk
What is my nam?,talk
Whats me name?,talk
Whats my nme?,talk
Do you know my name?,talk
Do u know my name?,talk
Do you knew my name?,talk
Do you know my nam?,talk
Du you know my name?,talk
Do you know me?,talk
Du you know me?,talk
Do u know me?,talk
Do you know m?,talk
Who are you?,talk
Who re you?,talk
Who are u?,talk
What is your name?,talk
What is you name?,talk
What is your nume?,talk
Whats your name?,talk
Whats your nam?,talk
What shall I call you?,talk
What shal I call you?,talk
What shall I call u?,talk
What should I call you?,talk
What shoul I call you?,talk
Can you tell me your name please?,talk
Can you tell me your name?,talk
Can you tell me you name?,talk
Can u tell me your name?,talk
Can you tell me your nme?,talk
How is the weather?,talk
Hows the weather?,talk
Hows the wether?,talk
Hows th weather?,talk
Hows the weathur?,talk
How is the wether?,talk
How is the weathe?,talk
What is the weather like today?,talk
What is the weather like?,talk
Whats the weather like today?,talk
Whats the weather like?,talk
What is the wether like?,talk
What is the weather lik?,talk
What is the weather like tuday?,talk
What is the weathe like today?,talk
Whats the weathe like?,talk
Whats the wether like?,talk
Whats the weuther like?,talk
Whats th weather like today?,talk
Whats the weathe like today?,talk
Whats the weather like tuday?,talk
Jeremie,identity
Johann,identity
Alice,identity
Mike,identity
Rebecca,identity
My name is Shiqi.,identity
My names Jamie.,identity
My name is Housu.,identity
My names Aaron.,identity
My name is Lee.,identity
My name's Luka Corliss.,identity
My name is James Wright.,identity
My name is B.,identity
My nume is Xiao Ming.,identity
Me names Jeremie.,identity
M name is Lily.,identity
My nams Biden.,identity
My nama is John.,identity
My namme's Adofol.,identity
My namee is Joel.,identity
My name s Johann.,identity
I am Andrew.,identity
Im Zoe.,identity
Im J.,identity
I am Abel.,identity
I am qi.,identity
I am Sophia.,identity
I am S.,identity
I m Johann Green,identity
I um Ming Liu.,identity
Im James Brown.,identity
Im Abel Xin,identity
I am Daryl.,identity
I em n99.,identity
Im Titus White.,identity
Please call me Mike.,identity
Please call me Sam Smith.,identity
Please cal m William.,identity
Call me K.,identity
Call me Shiqi.,identity
Call me Jamie White.,identity
Call me Jeremy.,identity
Call me Lee.,identity
Call me Tu.,identity
Call ma Ivy,identity
Cal me Tiffany.,identity
Cell me Pamala.,identity
Call me Gail Bai.,identity
Call m aa.,identity
Book a table.,transaction
Reserve a table.,transaction
Book a restaurant table.,transaction
Please book a table for me.,transaction
Please reserve a table for me.,transaction
Please book a seat for me.,transaction
Please reserve a seat for me.,transaction
Please book a table for me for lunch.,transaction
Please book a table for me for dinner.,transaction
Please book a table for me for supper.,transaction
Please help me to book a restaurant table.,transaction
Can you help me to reserve a restaurant table?,transaction
Could you help me to book a restaurant table?,transaction
I would like to make a reservation for lunch.,transaction
I would like to make a reservation for dinner.,transaction
I want to book a lunch.,transaction
I want to book a dinner.,transaction
I want to book a restaurant table.,transaction
I'd like to book a restaurant table.,transaction
I would like to book a restaurant table.,transaction
Transaction,transaction
Transaction dialogue.,transaction
Start a transaction dialogue.,transaction
Please start a transaction dialogue.,transaction
Game,game
Game playing,game
Play a game,game
I want to play a game.,game
I'd like to play a game.,game
I would like to play a game.,game
Start a game.,game
Please start a game.,game
Can you start a game for me?,game
Could you please start a game for me?,game
Could you please help me to start a game?,game
Bye!,quit
Bye-Bye.,quit
Good bye.,quit
See you.,quit
See ya.,quit
See you again.,quit
See you later.,quit
Q,quit
q,quit
qit,quit
qut,quit
Quit,quit
I wanna quit.,quit
I want to quit.,quit
I wat to quit.,quit
I want to qut.,quit
Quit please.,quit
Please quit.,quit
Quit the system.,quit
I gonna quit.,quit
Shut down.,quit
Shutdown,quit
Shut down please.,quit
Exit,quit
Exit please.,quit
I want an exit.,quit